{
  "mean_coeffs": [
    [
      0.8411483443677839,
      0.07120706974298205,
      -0.005243543461073511,
      0.0006172510328774378,
      -0.015420007410206864,
      0.0030577863704655275,
      0.009434121487927815,
      0.00807776237293283,
      0.002354208895623173,
      -0.0029585486063350725,
      0.0011651832031316037
    ],
    [
      8.139822243868156,
      0.2087726361757031,
      -0.04515686289125461,
      0.02450219252854234,
      0.016635185535460388,
      -0.012543525281641361,
      -0.006923150335792773,
      -0.03130999622639129,
      -0.02530391696024126,
      -0.008819230136142862,
      0.033983373282278316
    ],
    [
      7.557654643514102,
      0.2277489310838938,
      -0.021732272542825896,
      -0.0076278675642900105,
      0.032816503578119195,
      -0.018491045097860905,
      -0.013210154318637896,
      -0.03283189136529198,
      -0.06061476848249253,
      -0.028256422099314126,
      0.030387021656441457
    ]
  ],
  "std_coeffs": [
    [
      0.0044359113213137645,
      0.001451389702438136,
      0.00040045106444748394,
      -0.0015335287132452818,
      -0.0015919524856305252,
      -0.00073830947029634,
      -0.0001487129106737472,
      -0.0004141704058080128,
      -0.000621799578217367,
      -0.0011674724289777116,
      -0.0009843798931848586
    ],
    [
      0.00904310139606639,
      0.00411180903866933,
      0.001045951111406557,
      -0.004283619468434097,
      -0.004468842010378935,
      -0.002201524612003587,
      -0.0015263609138492266,
      -0.0017785073540336857,
      -0.0019936495350090446,
      -0.0028152474177705962,
      -0.002665215873720928
    ],
    [
      0.010612084869091999,
      0.004721171982470036,
      0.0018446951454160867,
      -0.004437832619963982,
      -0.004339306404750911,
      -0.003120375846326579,
      -0.00159978985434347,
      -0.0030694474211179273,
      -0.0018076852166212002,
      -0.003111014034963309,
      -0.0020672448651008345
    ]
  ],
  "domain": [
    1251.7860107,
    3850.0998535
  ],
  "degree": 10,
  "n_grid_points": 2598,
  "n_samples": 50,
  "log_transform": true,
  "num_tasks": 3
}