{
  "mean_coeffs": [
    [
      0.8514266589867736,
      0.07662776791642338,
      -0.01307004507322301,
      -0.010574112976270757,
      0.002285382064211659,
      0.0014669166957041193,
      8.680614010503076e-05,
      -5.52943653408601e-05,
      2.6845454524101978e-05,
      -4.912471495380846e-06,
      1.947497597979575e-06
    ],
    [
      8.125868353007485,
      0.29403520171860653,
      -0.04994123659854551,
      -0.04545841030531423,
      0.007278031000421096,
      0.004873042814455179,
      -0.00014901451944728965,
      -0.0005972776868032507,
      -7.227148075241027e-05,
      2.7083602519835848e-05,
      4.309832067480303e-05
    ]
  ],
  "std_coeffs": [
    [
      0.005707666302189312,
      0.0008218667189196232,
      -0.0005367474132083541,
      -0.0005395765320076404,
      0.0004950668402330283,
      0.0005838425472889162,
      0.00044312049901572346,
      9.46268300294792e-07,
      0.00011705426086810009,
      1.5489902776721352e-06,
      0.00014194942493426453
    ],
    [
      0.016409049416272165,
      0.0035075329847542177,
      -0.0029727283869623857,
      -0.0030413095723347467,
      0.0017242083145147602,
      0.0023237923558235684,
      0.0015152656269394802,
      0.00016881628447042532,
      0.0006532369224825048,
      9.055120138079951e-07,
      -0.00011122136229566051
    ]
  ],
  "domain": [
    1065.0,
    3740.3000488
  ],
  "degree": 10,
  "n_grid_points": 2675,
  "n_samples": 50,
  "log_transform": true,
  "num_tasks": 2
}