{
  "mean_coeffs": [
    [
      0.8462452541015456,
      0.066771369093649,
      -0.010436431618056569,
      -0.013624241300735612,
      -0.001129395595377947,
      -0.013328217793916282,
      0.01441064406191078,
      0.0010321105845818846,
      -0.0051536407468792435,
      -0.00021426661179755975,
      -0.001431287944713258
    ],
    [
      8.145911300801943,
      0.26517629955213723,
      -0.07137717484387354,
      -0.05009068973501987,
      0.02768593751108168,
      -0.03032431879087014,
      0.01389636890319979,
      -0.006185595251620346,
      0.0058318405607074636,
      -0.01353847014001527,
      -0.018850209666487976
    ],
    [
      7.52086287891565,
      0.39314514954478824,
      -0.10374985657779738,
      -0.07277077624175225,
      0.04120947489681358,
      -0.04315921112033368,
      0.014519226893704485,
      -0.008102536877376566,
      0.01008623524186089,
      -0.020177494523913007,
      -0.028127093340832285
    ]
  ],
  "std_coeffs": [
    [
      0.004840515458544291,
      -0.00012615096729476228,
      -0.0008113287330019278,
      7.759808118563444e-05,
      0.0014056383155614707,
      0.00017344621986314953,
      -0.00048026669821672665,
      0.0001422002250429079,
      0.0010530647987061703,
      -0.00030760588152475566,
      -0.000296355903952216
    ],
    [
      0.009792285564496067,
      -0.0005351683272538993,
      -0.003572858435265307,
      0.0001607898420662644,
      0.003513764572236843,
      -6.387211020708986e-05,
      -0.0021760488769352196,
      0.0007224140627137447,
      0.0026494109766817572,
      -0.00139593037548032,
      -0.0014849188193273091
    ],
    [
      0.01480199342259523,
      0.0001147909912687938,
      -0.005538164541469469,
      3.6169672908393685e-05,
      0.0051214678716530425,
      0.0005369706129172834,
      -0.0032487889635233326,
      0.0006652040870736653,
      0.00355945553712476,
      -0.0022777222447623166,
      -0.0022787737114857245
    ]
  ],
  "domain": [
    1035.6999512,
    4002.3000488
  ],
  "degree": 10,
  "n_grid_points": 2966,
  "n_samples": 50,
  "log_transform": true,
  "num_tasks": 3
}