{
  "mean_coeffs": [
    [
      0.8739544526044796,
      0.06215529499613496,
      -0.010036532297350905,
      -0.0037546341538582974,
      -0.002262234727807899,
      -0.00025328358543926877,
      0.004953463573898328,
      0.010928410943458769,
      0.005750434734794523,
      0.007514349408134469,
      0.017638560895700636
    ],
    [
      8.1702041779628,
      0.20592085728450313,
      -0.07864450835073862,
      0.01072152186178401,
      0.009060267563970511,
      -0.03524476356848086,
      0.004743707361991674,
      0.0023704839142814115,
      -0.0036922393474765835,
      0.0028913849388757496,
      0.035856743915772024
    ],
    [
      7.569987503426283,
      0.21518202078978516,
      -0.06322206064549205,
      -0.00804819097938727,
      0.034161959506794966,
      -0.03980451604238212,
      -0.006986212915424786,
      0.007385314843360759,
      -0.007524396154860523,
      0.013405690367127897,
      0.05656154634280338
    ]
  ],
  "std_coeffs": [
    [
      0.008885884066420218,
      -0.0010437935703269527,
      0.002263683697638499,
      -0.0007666965491638476,
      0.0016148845173401586,
      0.0001565034645191163,
      0.0008614701543652416,
      3.704614688610818e-05,
      0.0016381555578689885,
      -0.00046904121051293327,
      0.00029690546544529074
    ],
    [
      0.015354062984077026,
      -0.001547882731241139,
      0.0029833885672850696,
      -0.001612167708713333,
      0.002047734410071617,
      -0.0012652188195965534,
      0.0013236064867321814,
      0.00013902812745555132,
      0.0022605445909379914,
      -0.0004458191378068027,
      0.00020233739886962426
    ],
    [
      0.017960441925949693,
      -0.001945804251731778,
      0.0044695543063606805,
      -0.0018097593452546326,
      0.004077157759250353,
      0.00011674397068220648,
      0.0020951377477657564,
      0.0001916228551705852,
      0.0030267751860515012,
      0.0006665572459690087,
      0.0016878425553310344
    ]
  ],
  "domain": [
    1250.0,
    3933.0
  ],
  "degree": 10,
  "n_grid_points": 2683,
  "n_samples": 50,
  "log_transform": true,
  "num_tasks": 3
}